订单编号,商品名称,实付金额
ORD00000,商品0,10
ORD00001,商品1,20
ORD00002,商品2,30
ORD00003,商品3,40
ORD00004,商品4,50
ORD00005,商品5,60
ORD00006,商品6,70
ORD00007,商品7,80
ORD00008,商品8,90
ORD00009,商品9,100
ORD00010,商品10,110
ORD00011,商品11,120
ORD00012,商品12,130
ORD00013,商品13,140
ORD00014,商品14,150
ORD00015,商品15,160
ORD00016,商品16,170
ORD00017,商品17,180
ORD00018,商品18,190
ORD00019,商品19,200
ORD00020,商品20,210
ORD00021,商品21,220
ORD00022,商品22,230
ORD00023,商品23,240
ORD00024,商品24,250
ORD00025,商品25,260
ORD00026,商品26,270
ORD00027,商品27,280
ORD00028,商品28,290
ORD00029,商品29,300
ORD00030,商品30,310
ORD00031,商品31,320
ORD00032,商品32,330
ORD00033,商品33,340
ORD00034,商品34,350
ORD00035,商品35,360
ORD00036,商品36,370
ORD00037,商品37,380
ORD00038,商品38,390
ORD00039,商品39,400
ORD00040,商品40,410
ORD00041,商品41,420
ORD00042,商品42,430
ORD00043,商品43,440
ORD00044,商品44,450
ORD00045,商品45,460
ORD00046,商品46,470
ORD00047,商品47,480
ORD00048,商品48,490
ORD00049,商品49,500
ORD00050,商品50,510
ORD00051,商品51,520
ORD00052,商品52,530
ORD00053,商品53,540
ORD00054,商品54,550
ORD00055,商品55,560
ORD00056,商品56,570
ORD00057,商品57,580
ORD00058,商品58,590
ORD00059,商品59,600
ORD00060,商品60,610
ORD00061,商品61,620
ORD00062,商品62,630
ORD00063,商品63,640
ORD00064,商品64,650
ORD00065,商品65,660
ORD00066,商品66,670
ORD00067,商品67,680
ORD00068,商品68,690
ORD00069,商品69,700
ORD00070,商品70,710
ORD00071,商品71,720
ORD00072,商品72,730
ORD00073,商品73,740
ORD00074,商品74,750
ORD00075,商品75,760
ORD00076,商品76,770
ORD00077,商品77,780
ORD00078,商品78,790
ORD00079,商品79,800
ORD00080,商品80,810
ORD00081,商品81,820
ORD00082,商品82,830
ORD00083,商品83,840
ORD00084,商品84,850
ORD00085,商品85,860
ORD00086,商品86,870
ORD00087,商品87,880
ORD00088,商品88,890
ORD00089,商品89,900
ORD00090,商品90,910
ORD00091,商品91,920
ORD00092,商品92,930
ORD00093,商品93,940
ORD00094,商品94,950
ORD00095,商品95,960
ORD00096,商品96,970
ORD00097,商品97,980
ORD00098,商品98,990
ORD00099,商品99,1000
ORD00100,商品100,1010
ORD00101,商品101,1020
ORD00102,商品102,1030
ORD00103,商品103,1040
ORD00104,商品104,1050
ORD00105,商品105,1060
ORD00106,商品106,1070
ORD00107,商品107,1080
ORD00108,商品108,1090
ORD00109,商品109,1100
ORD00110,商品110,1110
ORD00111,商品111,1120
ORD00112,商品112,1130
ORD00113,商品113,1140
ORD00114,商品114,1150
ORD00115,商品115,1160
ORD00116,商品116,1170
ORD00117,商品117,1180
ORD00118,商品118,1190
ORD00119,商品119,1200
ORD00120,商品120,1210
ORD00121,商品121,1220
ORD00122,商品122,1230
ORD00123,商品123,1240
ORD00124,商品124,1250
ORD00125,商品125,1260
ORD00126,商品126,1270
ORD00127,商品127,1280
ORD00128,商品128,1290
ORD00129,商品129,1300
ORD00130,商品130,1310
ORD00131,商品131,1320
ORD00132,商品132,1330
ORD00133,商品133,1340
ORD00134,商品134,1350
ORD00135,商品135,1360
ORD00136,商品136,1370
ORD00137,商品137,1380
ORD00138,商品138,1390
ORD00139,商品139,1400
ORD00140,商品140,1410
ORD00141,商品141,1420
ORD00142,商品142,1430
ORD00143,商品143,1440
ORD00144,商品144,1450
ORD00145,商品145,1460
ORD00146,商品146,1470
ORD00147,商品147,1480
ORD00148,商品148,1490
ORD00149,商品149,1500
ORD00150,商品150,1510
ORD00151,商品151,1520
ORD00152,商品152,1530
ORD00153,商品153,1540
ORD00154,商品154,1550
ORD00155,商品155,1560
ORD00156,商品156,1570
ORD00157,商品157,1580
ORD00158,商品158,1590
ORD00159,商品159,1600
ORD00160,商品160,1610
ORD00161,商品161,1620
ORD00162,商品162,1630
ORD00163,商品163,1640
ORD00164,商品164,1650
ORD00165,商品165,1660
ORD00166,商品166,1670
ORD00167,商品167,1680
ORD00168,商品168,1690
ORD00169,商品169,1700
ORD00170,商品170,1710
ORD00171,商品171,1720
ORD00172,商品172,1730
ORD00173,商品173,1740
ORD00174,商品174,1750
ORD00175,商品175,1760
ORD00176,商品176,1770
ORD00177,商品177,1780
ORD00178,商品178,1790
ORD00179,商品179,1800
ORD00180,商品180,1810
ORD00181,商品181,1820
ORD00182,商品182,1830
ORD00183,商品183,1840
ORD00184,商品184,1850
ORD00185,商品185,1860
ORD00186,商品186,1870
ORD00187,商品187,1880
ORD00188,商品188,1890
ORD00189,商品189,1900
ORD00190,商品190,1910
ORD00191,商品191,1920
ORD00192,商品192,1930
ORD00193,商品193,1940
ORD00194,商品194,1950
ORD00195,商品195,1960
ORD00196,商品196,1970
ORD00197,商品197,1980
ORD00198,商品198,1990
ORD00199,商品199,2000
ORD00200,商品200,2010
ORD00201,商品201,2020
ORD00202,商品202,2030
ORD00203,商品203,2040
ORD00204,商品204,2050
ORD00205,商品205,2060
ORD00206,商品206,2070
ORD00207,商品207,2080
ORD00208,商品208,2090
ORD00209,商品209,2100
ORD00210,商品210,2110
ORD00211,商品211,2120
ORD00212,商品212,2130
ORD00213,商品213,2140
ORD00214,商品214,2150
ORD00215,商品215,2160
ORD00216,商品216,2170
ORD00217,商品217,2180
ORD00218,商品218,2190
ORD00219,商品219,2200
ORD00220,商品220,2210
ORD00221,商品221,2220
ORD00222,商品222,2230
ORD00223,商品223,2240
ORD00224,商品224,2250
ORD00225,商品225,2260
ORD00226,商品226,2270
ORD00227,商品227,2280
ORD00228,商品228,2290
ORD00229,商品229,2300
ORD00230,商品230,2310
ORD00231,商品231,2320
ORD00232,商品232,2330
ORD00233,商品233,2340
ORD00234,商品234,2350
ORD00235,商品235,2360
ORD00236,商品236,2370
ORD00237,商品237,2380
ORD00238,商品238,2390
ORD00239,商品239,2400
ORD00240,商品240,2410
ORD00241,商品241,2420
ORD00242,商品242,2430
ORD00243,商品243,2440
ORD00244,商品244,2450
ORD00245,商品245,2460
ORD00246,商品246,2470
ORD00247,商品247,2480
ORD00248,商品248,2490
ORD00249,商品249,2500
ORD00250,商品250,2510
ORD00251,商品251,2520
ORD00252,商品252,2530
ORD00253,商品253,2540
ORD00254,商品254,2550
ORD00255,商品255,2560
ORD00256,商品256,2570
ORD00257,商品257,2580
ORD00258,商品258,2590
ORD00259,商品259,2600
ORD00260,商品260,2610
ORD00261,商品261,2620
ORD00262,商品262,2630
ORD00263,商品263,2640
ORD00264,商品264,2650
ORD00265,商品265,2660
ORD00266,商品266,2670
ORD00267,商品267,2680
ORD00268,商品268,2690
ORD00269,商品269,2700
ORD00270,商品270,2710
ORD00271,商品271,2720
ORD00272,商品272,2730
ORD00273,商品273,2740
ORD00274,商品274,2750
ORD00275,商品275,2760
ORD00276,商品276,2770
ORD00277,商品277,2780
ORD00278,商品278,2790
ORD00279,商品279,2800
ORD00280,商品280,2810
ORD00281,商品281,2820
ORD00282,商品282,2830
ORD00283,商品283,2840
ORD00284,商品284,2850
ORD00285,商品285,2860
ORD00286,商品286,2870
ORD00287,商品287,2880
ORD00288,商品288,2890
ORD00289,商品289,2900
ORD00290,商品290,2910
ORD00291,商品291,2920
ORD00292,商品292,2930
ORD00293,商品293,2940
ORD00294,商品294,2950
ORD00295,商品295,2960
ORD00296,商品296,2970
ORD00297,商品297,2980
ORD00298,商品298,2990
ORD00299,商品299,3000
ORD00300,商品300,3010
ORD00301,商品301,3020
ORD00302,商品302,3030
ORD00303,商品303,3040
ORD00304,商品304,3050
ORD00305,商品305,3060
ORD00306,商品306,3070
ORD00307,商品307,3080
ORD00308,商品308,3090
ORD00309,商品309,3100
ORD00310,商品310,3110
ORD00311,商品311,3120
ORD00312,商品312,3130
ORD00313,商品313,3140
ORD00314,商品314,3150
ORD00315,商品315,3160
ORD00316,商品316,3170
ORD00317,商品317,3180
ORD00318,商品318,3190
ORD00319,商品319,3200
ORD00320,商品320,3210
ORD00321,商品321,3220
ORD00322,商品322,3230
ORD00323,商品323,3240
ORD00324,商品324,3250
ORD00325,商品325,3260
ORD00326,商品326,3270
ORD00327,商品327,3280
ORD00328,商品328,3290
ORD00329,商品329,3300
ORD00330,商品330,3310
ORD00331,商品331,3320
ORD00332,商品332,3330
ORD00333,商品333,3340
ORD00334,商品334,3350
ORD00335,商品335,3360
ORD00336,商品336,3370
ORD00337,商品337,3380
ORD00338,商品338,3390
ORD00339,商品339,3400
ORD00340,商品340,3410
ORD00341,商品341,3420
ORD00342,商品342,3430
ORD00343,商品343,3440
ORD00344,商品344,3450
ORD00345,商品345,3460
ORD00346,商品346,3470
ORD00347,商品347,3480
ORD00348,商品348,3490
ORD00349,商品349,3500
ORD00350,商品350,3510
ORD00351,商品351,3520
ORD00352,商品352,3530
ORD00353,商品353,3540
ORD00354,商品354,3550
ORD00355,商品355,3560
ORD00356,商品356,3570
ORD00357,商品357,3580
ORD00358,商品358,3590
ORD00359,商品359,3600
ORD00360,商品360,3610
ORD00361,商品361,3620
ORD00362,商品362,3630
ORD00363,商品363,3640
ORD00364,商品364,3650
ORD00365,商品365,3660
ORD00366,商品366,3670
ORD00367,商品367,3680
ORD00368,商品368,3690
ORD00369,商品369,3700
ORD00370,商品370,3710
ORD00371,商品371,3720
ORD00372,商品372,3730
ORD00373,商品373,3740
ORD00374,商品374,3750
ORD00375,商品375,3760
ORD00376,商品376,3770
ORD00377,商品377,3780
ORD00378,商品378,3790
ORD00379,商品379,3800
ORD00380,商品380,3810
ORD00381,商品381,3820
ORD00382,商品382,3830
ORD00383,商品383,3840
ORD00384,商品384,3850
ORD00385,商品385,3860
ORD00386,商品386,3870
ORD00387,商品387,3880
ORD00388,商品388,3890
ORD00389,商品389,3900
ORD00390,商品390,3910
ORD00391,商品391,3920
ORD00392,商品392,3930
ORD00393,商品393,3940
ORD00394,商品394,3950
ORD00395,商品395,3960
ORD00396,商品396,3970
ORD00397,商品397,3980
ORD00398,商品398,3990
ORD00399,商品399,4000
ORD00400,商品400,4010
ORD00401,商品401,4020
ORD00402,商品402,4030
ORD00403,商品403,4040
ORD00404,商品404,4050
ORD00405,商品405,4060
ORD00406,商品406,4070
ORD00407,商品407,4080
ORD00408,商品408,4090
ORD00409,商品409,4100
ORD00410,商品410,4110
ORD00411,商品411,4120
ORD00412,商品412,4130
ORD00413,商品413,4140
ORD00414,商品414,4150
ORD00415,商品415,4160
ORD00416,商品416,4170
ORD00417,商品417,4180
ORD00418,商品418,4190
ORD00419,商品419,4200
ORD00420,商品420,4210
ORD00421,商品421,4220
ORD00422,商品422,4230
ORD00423,商品423,4240
ORD00424,商品424,4250
ORD00425,商品425,4260
ORD00426,商品426,4270
ORD00427,商品427,4280
ORD00428,商品428,4290
ORD00429,商品429,4300
ORD00430,商品430,4310
ORD00431,商品431,4320
ORD00432,商品432,4330
ORD00433,商品433,4340
ORD00434,商品434,4350
ORD00435,商品435,4360
ORD00436,商品436,4370
ORD00437,商品437,4380
ORD00438,商品438,4390
ORD00439,商品439,4400
ORD00440,商品440,4410
ORD00441,商品441,4420
ORD00442,商品442,4430
ORD00443,商品443,4440
ORD00444,商品444,4450
ORD00445,商品445,4460
ORD00446,商品446,4470
ORD00447,商品447,4480
ORD00448,商品448,4490
ORD00449,商品449,4500
ORD00450,商品450,4510
ORD00451,商品451,4520
ORD00452,商品452,4530
ORD00453,商品453,4540
ORD00454,商品454,4550
ORD00455,商品455,4560
ORD00456,商品456,4570
ORD00457,商品457,4580
ORD00458,商品458,4590
ORD00459,商品459,4600
ORD00460,商品460,4610
ORD00461,商品461,4620
ORD00462,商品462,4630
ORD00463,商品463,4640
ORD00464,商品464,4650
ORD00465,商品465,4660
ORD00466,商品466,4670
ORD00467,商品467,4680
ORD00468,商品468,4690
ORD00469,商品469,4700
ORD00470,商品470,4710
ORD00471,商品471,4720
ORD00472,商品472,4730
ORD00473,商品473,4740
ORD00474,商品474,4750
ORD00475,商品475,4760
ORD00476,商品476,4770
ORD00477,商品477,4780
ORD00478,商品478,4790
ORD00479,商品479,4800
ORD00480,商品480,4810
ORD00481,商品481,4820
ORD00482,商品482,4830
ORD00483,商品483,4840
ORD00484,商品484,4850
ORD00485,商品485,4860
ORD00486,商品486,4870
ORD00487,商品487,4880
ORD00488,商品488,4890
ORD00489,商品489,4900
ORD00490,商品490,4910
ORD00491,商品491,4920
ORD00492,商品492,4930
ORD00493,商品493,4940
ORD00494,商品494,4950
ORD00495,商品495,4960
ORD00496,商品496,4970
ORD00497,商品497,4980
ORD00498,商品498,4990
ORD00499,商品499,5000
ORD00500,商品500,5010
ORD00501,商品501,5020
ORD00502,商品502,5030
ORD00503,商品503,5040
ORD00504,商品504,5050
ORD00505,商品505,5060
ORD00506,商品506,5070
ORD00507,商品507,5080
ORD00508,商品508,5090
ORD00509,商品509,5100
ORD00510,商品510,5110
ORD00511,商品511,5120
ORD00512,商品512,5130
ORD00513,商品513,5140
ORD00514,商品514,5150
ORD00515,商品515,5160
ORD00516,商品516,5170
ORD00517,商品517,5180
ORD00518,商品518,5190
ORD00519,商品519,5200
ORD00520,商品520,5210
ORD00521,商品521,5220
ORD00522,商品522,5230
ORD00523,商品523,5240
ORD00524,商品524,5250
ORD00525,商品525,5260
ORD00526,商品526,5270
ORD00527,商品527,5280
ORD00528,商品528,5290
ORD00529,商品529,5300
ORD00530,商品530,5310
ORD00531,商品531,5320
ORD00532,商品532,5330
ORD00533,商品533,5340
ORD00534,商品534,5350
ORD00535,商品535,5360
ORD00536,商品536,5370
ORD00537,商品537,5380
ORD00538,商品538,5390
ORD00539,商品539,5400
ORD00540,商品540,5410
ORD00541,商品541,5420
ORD00542,商品542,5430
ORD00543,商品543,5440
ORD00544,商品544,5450
ORD00545,商品545,5460
ORD00546,商品546,5470
ORD00547,商品547,5480
ORD00548,商品548,5490
ORD00549,商品549,5500
ORD00550,商品550,5510
ORD00551,商品551,5520
ORD00552,商品552,5530
ORD00553,商品553,5540
ORD00554,商品554,5550
ORD00555,商品555,5560
ORD00556,商品556,5570
ORD00557,商品557,5580
ORD00558,商品558,5590
ORD00559,商品559,5600
ORD00560,商品560,5610
ORD00561,商品561,5620
ORD00562,商品562,5630
ORD00563,商品563,5640
ORD00564,商品564,5650
ORD00565,商品565,5660
ORD00566,商品566,5670
ORD00567,商品567,5680
ORD00568,商品568,5690
ORD00569,商品569,5700
ORD00570,商品570,5710
ORD00571,商品571,5720
ORD00572,商品572,5730
ORD00573,商品573,5740
ORD00574,商品574,5750
ORD00575,商品575,5760
ORD00576,商品576,5770
ORD00577,商品577,5780
ORD00578,商品578,5790
ORD00579,商品579,5800
ORD00580,商品580,5810
ORD00581,商品581,5820
ORD00582,商品582,5830
ORD00583,商品583,5840
ORD00584,商品584,5850
ORD00585,商品585,5860
ORD00586,商品586,5870
ORD00587,商品587,5880
ORD00588,商品588,5890
ORD00589,商品589,5900
ORD00590,商品590,5910
ORD00591,商品591,5920
ORD00592,商品592,5930
ORD00593,商品593,5940
ORD00594,商品594,5950
ORD00595,商品595,5960
ORD00596,商品596,5970
ORD00597,商品597,5980
ORD00598,商品598,5990
ORD00599,商品599,6000
ORD00600,商品600,6010
ORD00601,商品601,6020
ORD00602,商品602,6030
ORD00603,商品603,6040
ORD00604,商品604,6050
ORD00605,商品605,6060
ORD00606,商品606,6070
ORD00607,商品607,6080
ORD00608,商品608,6090
ORD00609,商品609,6100
ORD00610,商品610,6110
ORD00611,商品611,6120
ORD00612,商品612,6130
ORD00613,商品613,6140
ORD00614,商品614,6150
ORD00615,商品615,6160
ORD00616,商品616,6170
ORD00617,商品617,6180
ORD00618,商品618,6190
ORD00619,商品619,6200
ORD00620,商品620,6210
ORD00621,商品621,6220
ORD00622,商品622,6230
ORD00623,商品623,6240
ORD00624,商品624,6250
ORD00625,商品625,6260
ORD00626,商品626,6270
ORD00627,商品627,6280
ORD00628,商品628,6290
ORD00629,商品629,6300
ORD00630,商品630,6310
ORD00631,商品631,6320
ORD00632,商品632,6330
ORD00633,商品633,6340
ORD00634,商品634,6350
ORD00635,商品635,6360
ORD00636,商品636,6370
ORD00637,商品637,6380
ORD00638,商品638,6390
ORD00639,商品639,6400
ORD00640,商品640,6410
ORD00641,商品641,6420
ORD00642,商品642,6430
ORD00643,商品643,6440
ORD00644,商品644,6450
ORD00645,商品645,6460
ORD00646,商品646,6470
ORD00647,商品647,6480
ORD00648,商品648,6490
ORD00649,商品649,6500
ORD00650,商品650,6510
ORD00651,商品651,6520
ORD00652,商品652,6530
ORD00653,商品653,6540
ORD00654,商品654,6550
ORD00655,商品655,6560
ORD00656,商品656,6570
ORD00657,商品657,6580
ORD00658,商品658,6590
ORD00659,商品659,6600
ORD00660,商品660,6610
ORD00661,商品661,6620
ORD00662,商品662,6630
ORD00663,商品663,6640
ORD00664,商品664,6650
ORD00665,商品665,6660
ORD00666,商品666,6670
ORD00667,商品667,6680
ORD00668,商品668,6690
ORD00669,商品669,6700
ORD00670,商品670,6710
ORD00671,商品671,6720
ORD00672,商品672,6730
ORD00673,商品673,6740
ORD00674,商品674,6750
ORD00675,商品675,6760
ORD00676,商品676,6770
ORD00677,商品677,6780
ORD00678,商品678,6790
ORD00679,商品679,6800
ORD00680,商品680,6810
ORD00681,商品681,6820
ORD00682,商品682,6830
ORD00683,商品683,6840
ORD00684,商品684,6850
ORD00685,商品685,6860
ORD00686,商品686,6870
ORD00687,商品687,6880
ORD00688,商品688,6890
ORD00689,商品689,6900
ORD00690,商品690,6910
ORD00691,商品691,6920
ORD00692,商品692,6930
ORD00693,商品693,6940
ORD00694,商品694,6950
ORD00695,商品695,6960
ORD00696,商品696,6970
ORD00697,商品697,6980
ORD00698,商品698,6990
ORD00699,商品699,7000
ORD00700,商品700,7010
ORD00701,商品701,7020
ORD00702,商品702,7030
ORD00703,商品703,7040
ORD00704,商品704,7050
ORD00705,商品705,7060
ORD00706,商品706,7070
ORD00707,商品707,7080
ORD00708,商品708,7090
ORD00709,商品709,7100
ORD00710,商品710,7110
ORD00711,商品711,7120
ORD00712,商品712,7130
ORD00713,商品713,7140
ORD00714,商品714,7150
ORD00715,商品715,7160
ORD00716,商品716,7170
ORD00717,商品717,7180
ORD00718,商品718,7190
ORD00719,商品719,7200
ORD00720,商品720,7210
ORD00721,商品721,7220
ORD00722,商品722,7230
ORD00723,商品723,7240
ORD00724,商品724,7250
ORD00725,商品725,7260
ORD00726,商品726,7270
ORD00727,商品727,7280
ORD00728,商品728,7290
ORD00729,商品729,7300
ORD00730,商品730,7310
ORD00731,商品731,7320
ORD00732,商品732,7330
ORD00733,商品733,7340
ORD00734,商品734,7350
ORD00735,商品735,7360
ORD00736,商品736,7370
ORD00737,商品737,7380
ORD00738,商品738,7390
ORD00739,商品739,7400
ORD00740,商品740,7410
ORD00741,商品741,7420
ORD00742,商品742,7430
ORD00743,商品743,7440
ORD00744,商品744,7450
ORD00745,商品745,7460
ORD00746,商品746,7470
ORD00747,商品747,7480
ORD00748,商品748,7490
ORD00749,商品749,7500
ORD00750,商品750,7510
ORD00751,商品751,7520
ORD00752,商品752,7530
ORD00753,商品753,7540
ORD00754,商品754,7550
ORD00755,商品755,7560
ORD00756,商品756,7570
ORD00757,商品757,7580
ORD00758,商品758,7590
ORD00759,商品759,7600
ORD00760,商品760,7610
ORD00761,商品761,7620
ORD00762,商品762,7630
ORD00763,商品763,7640
ORD00764,商品764,7650
ORD00765,商品765,7660
ORD00766,商品766,7670
ORD00767,商品767,7680
ORD00768,商品768,7690
ORD00769,商品769,7700
ORD00770,商品770,7710
ORD00771,商品771,7720
ORD00772,商品772,7730
ORD00773,商品773,7740
ORD00774,商品774,7750
ORD00775,商品775,7760
ORD00776,商品776,7770
ORD00777,商品777,7780
ORD00778,商品778,7790
ORD00779,商品779,7800
ORD00780,商品780,7810
ORD00781,商品781,7820
ORD00782,商品782,7830
ORD00783,商品783,7840
ORD00784,商品784,7850
ORD00785,商品785,7860
ORD00786,商品786,7870
ORD00787,商品787,7880
ORD00788,商品788,7890
ORD00789,商品789,7900
ORD00790,商品790,7910
ORD00791,商品791,7920
ORD00792,商品792,7930
ORD00793,商品793,7940
ORD00794,商品794,7950
ORD00795,商品795,7960
ORD00796,商品796,7970
ORD00797,商品797,7980
ORD00798,商品798,7990
ORD00799,商品799,8000
ORD00800,商品800,8010
ORD00801,商品801,8020
ORD00802,商品802,8030
ORD00803,商品803,8040
ORD00804,商品804,8050
ORD00805,商品805,8060
ORD00806,商品806,8070
ORD00807,商品807,8080
ORD00808,商品808,8090
ORD00809,商品809,8100
ORD00810,商品810,8110
ORD00811,商品811,8120
ORD00812,商品812,8130
ORD00813,商品813,8140
ORD00814,商品814,8150
ORD00815,商品815,8160
ORD00816,商品816,8170
ORD00817,商品817,8180
ORD00818,商品818,8190
ORD00819,商品819,8200
ORD00820,商品820,8210
ORD00821,商品821,8220
ORD00822,商品822,8230
ORD00823,商品823,8240
ORD00824,商品824,8250
ORD00825,商品825,8260
ORD00826,商品826,8270
ORD00827,商品827,8280
ORD00828,商品828,8290
ORD00829,商品829,8300
ORD00830,商品830,8310
ORD00831,商品831,8320
ORD00832,商品832,8330
ORD00833,商品833,8340
ORD00834,商品834,8350
ORD00835,商品835,8360
ORD00836,商品836,8370
ORD00837,商品837,8380
ORD00838,商品838,8390
ORD00839,商品839,8400
ORD00840,商品840,8410
ORD00841,商品841,8420
ORD00842,商品842,8430
ORD00843,商品843,8440
ORD00844,商品844,8450
ORD00845,商品845,8460
ORD00846,商品846,8470
ORD00847,商品847,8480
ORD00848,商品848,8490
ORD00849,商品849,8500
ORD00850,商品850,8510
ORD00851,商品851,8520
ORD00852,商品852,8530
ORD00853,商品853,8540
ORD00854,商品854,8550
ORD00855,商品855,8560
ORD00856,商品856,8570
ORD00857,商品857,8580
ORD00858,商品858,8590
ORD00859,商品859,8600
ORD00860,商品860,8610
ORD00861,商品861,8620
ORD00862,商品862,8630
ORD00863,商品863,8640
ORD00864,商品864,8650
ORD00865,商品865,8660
ORD00866,商品866,8670
ORD00867,商品867,8680
ORD00868,商品868,8690
ORD00869,商品869,8700
ORD00870,商品870,8710
ORD00871,商品871,8720
ORD00872,商品872,8730
ORD00873,商品873,8740
ORD00874,商品874,8750
ORD00875,商品875,8760
ORD00876,商品876,8770
ORD00877,商品877,8780
ORD00878,商品878,8790
ORD00879,商品879,8800
ORD00880,商品880,8810
ORD00881,商品881,8820
ORD00882,商品882,8830
ORD00883,商品883,8840
ORD00884,商品884,8850
ORD00885,商品885,8860
ORD00886,商品886,8870
ORD00887,商品887,8880
ORD00888,商品888,8890
ORD00889,商品889,8900
ORD00890,商品890,8910
ORD00891,商品891,8920
ORD00892,商品892,8930
ORD00893,商品893,8940
ORD00894,商品894,8950
ORD00895,商品895,8960
ORD00896,商品896,8970
ORD00897,商品897,8980
ORD00898,商品898,8990
ORD00899,商品899,9000
ORD00900,商品900,9010
ORD00901,商品901,9020
ORD00902,商品902,9030
ORD00903,商品903,9040
ORD00904,商品904,9050
ORD00905,商品905,9060
ORD00906,商品906,9070
ORD00907,商品907,9080
ORD00908,商品908,9090
ORD00909,商品909,9100
ORD00910,商品910,9110
ORD00911,商品911,9120
ORD00912,商品912,9130
ORD00913,商品913,9140
ORD00914,商品914,9150
ORD00915,商品915,9160
ORD00916,商品916,9170
ORD00917,商品917,9180
ORD00918,商品918,9190
ORD00919,商品919,9200
ORD00920,商品920,9210
ORD00921,商品921,9220
ORD00922,商品922,9230
ORD00923,商品923,9240
ORD00924,商品924,9250
ORD00925,商品925,9260
ORD00926,商品926,9270
ORD00927,商品927,9280
ORD00928,商品928,9290
ORD00929,商品929,9300
ORD00930,商品930,9310
ORD00931,商品931,9320
ORD00932,商品932,9330
ORD00933,商品933,9340
ORD00934,商品934,9350
ORD00935,商品935,9360
ORD00936,商品936,9370
ORD00937,商品937,9380
ORD00938,商品938,9390
ORD00939,商品939,9400
ORD00940,商品940,9410
ORD00941,商品941,9420
ORD00942,商品942,9430
ORD00943,商品943,9440
ORD00944,商品944,9450
ORD00945,商品945,9460
ORD00946,商品946,9470
ORD00947,商品947,9480
ORD00948,商品948,9490
ORD00949,商品949,9500
ORD00950,商品950,9510
ORD00951,商品951,9520
ORD00952,商品952,9530
ORD00953,商品953,9540
ORD00954,商品954,9550
ORD00955,商品955,9560
ORD00956,商品956,9570
ORD00957,商品957,9580
ORD00958,商品958,9590
ORD00959,商品959,9600
ORD00960,商品960,9610
ORD00961,商品961,9620
ORD00962,商品962,9630
ORD00963,商品963,9640
ORD00964,商品964,9650
ORD00965,商品965,9660
ORD00966,商品966,9670
ORD00967,商品967,9680
ORD00968,商品968,9690
ORD00969,商品969,9700
ORD00970,商品970,9710
ORD00971,商品971,9720
ORD00972,商品972,9730
ORD00973,商品973,9740
ORD00974,商品974,9750
ORD00975,商品975,9760
ORD00976,商品976,9770
ORD00977,商品977,9780
ORD00978,商品978,9790
ORD00979,商品979,9800
ORD00980,商品980,9810
ORD00981,商品981,9820
ORD00982,商品982,9830
ORD00983,商品983,9840
ORD00984,商品984,9850
ORD00985,商品985,9860
ORD00986,商品986,9870
ORD00987,商品987,9880
ORD00988,商品988,9890
ORD00989,商品989,9900
ORD00990,商品990,9910
ORD00991,商品991,9920
ORD00992,商品992,9930
ORD00993,商品993,9940
ORD00994,商品994,9950
ORD00995,商品995,9960
ORD00996,商品996,9970
ORD00997,商品997,9980
ORD00998,商品998,9990
ORD00999,商品999,10000
